"Reference","Value","Datasheet","Footprint","Qty","Purchase"
"D1","D","https://www.onsemi.com/pdf/datasheet/mmsd4148t1-d.pdf","Diode_SMD:D_SOD-123","1","https://www.digikey.com/en/products/detail/onsemi/MMSD4148T1G/919705"
"J1","Screw_Terminal_01x02","https://drawings-pdf.s3.amazonaws.com/10483.pdf","TerminalBlock_Phoenix:TerminalBlock_Phoenix_PT-1,5-2-3.5-H_1x02_P3.50mm_Horizontal","1","https://www.digikey.com/en/products/detail/phoenix-contact/1751248/2511016"
"J2","Conn_01x03_Socket","https://drawings-pdf.s3.amazonaws.com/10483.pdf","Connector_PinSocket_2.00mm:PinSocket_1x03_P2.00mm_Vertical","1","https://www.digikey.com/en/products/detail/sullins-connector-solutions/NPPN031BFCN-RC/804805"
"Q1","SiS454DN","https://www.vishay.com/docs/66707/sis454dn.pdf","Package_SO:Vishay_PowerPAK_1212-8_Single","1","https://www.digikey.com/en/products/detail/vishay-siliconix/SIS454DN-T1-GE3/2441826?s=N4IgTCBcDaIMoEs4BYCsyAiA5EBdAvkA"
"R1","3.3K","https://www.yageo.com/upload/media/product/products/datasheet/rchip/PYu-RC_Group_51_RoHS_L_12.pdf","Resistor_SMD:R_0603_1608Metric_Pad0.98x0.95mm_HandSolder","1","https://www.digikey.com/en/products/detail/yageo/RC0603JR-073K3L/726757?_gl=1*oprbzy*_up*MQ..&gclid=Cj0KCQjwj4K5BhDYARIsAD1Ly2qquIi0HITcnSJzEILMOtvyCB9wPLUQOH5qAcVxd7LGVxbBaQts_tIaAkVREALw_wcB"
"R2","1K","https://www.yageo.com/upload/media/product/products/datasheet/rchip/PYu-RC_Group_51_RoHS_L_12.pdf","Resistor_SMD:R_0603_1608Metric_Pad0.98x0.95mm_HandSolder","1","https://www.digikey.com/en/products/detail/yageo/RC0603JR-071KL/726677?_gl=1*1an2o6r*_up*MQ..&gclid=Cj0KCQjwj4K5BhDYARIsAD1Ly2qquIi0HITcnSJzEILMOtvyCB9wPLUQOH5qAcVxd7LGVxbBaQts_tIaAkVREALw_wcB"
"R3","100K","https://www.yageo.com/upload/media/product/products/datasheet/rchip/PYu-RC_Group_51_RoHS_L_12.pdf","Resistor_SMD:R_0603_1608Metric_Pad0.98x0.95mm_HandSolder","1","https://www.digikey.com/en/products/detail/yageo/RC0603JR-13100KL/13694230?_gl=1*1eq4xmo*_up*MQ..&gclid=Cj0KCQjwj4K5BhDYARIsAD1Ly2qquIi0HITcnSJzEILMOtvyCB9wPLUQOH5qAcVxd7LGVxbBaQts_tIaAkVREALw_wcB"
"R4","27K","https://www.yageo.com/upload/media/product/products/datasheet/rchip/PYu-RC_Group_51_RoHS_L_12.pdf","Resistor_SMD:R_0603_1608Metric_Pad0.98x0.95mm_HandSolder","1","https://www.digikey.com/en/products/detail/yageo/RC0603JR-0727KL/726752"
"TP1,TP2,TP3","TestPoint","https://www.keyelco.com/userAssets/file/M65p56.pdf","TestPoint:TestPoint_Loop_D2.54mm_Drill1.5mm_Beaded","3","https://www.digikey.com/en/products/detail/keystone-electronics/5000/255326"
